140,140,140,140,140,138,138,138,138,138,138,134,134,134,133,133,133,133,133,133,133,133,133,131,131,131,131,130,130,130,130,130,130,130,130,128,128,125,123,122,122,122,122,122,122,120,116,115,114,113,113,111,110,110,110,110,110,108,108,108,108,108,108,106,106,106,106,105,105,105,104,103,102,101,100,100,100,98,97,97,97,96,96,95,94,92,90,89,89,89,88,87,85,84,84,82,82,82,82,81,81,81,80,80,80,80,80,79,77,76,76,76,76,75,73,73,73,72,70,70,70,67,66,66,66,65,65,65,64,62,61,60,59,57,57,55,55,53,53,53,53,51,51,49,49,47,46,46,46,43,43,43,43,43,43,43,43,40,40,39,39,37,37,36,36,36,35,35,35,33,32,32,32,30,28,27,27,26,24,24,24,22,22,22,22,17,16,16,16,13,11,11,11,10,9,9,9,9,8,8
140,140,140,140,140,138,138,138,138,138,137,135,135,135,134,134,134,133,132,130,130,128,128,128,128,125,125,123,123,123,122,122,122,120,119,119,119,119,118,118,118,117,117,117,117,115,114,113,113,111,111,111,111,111,111,109,109,107,107,107,107,107,107,107,107,105,105,103,103,102,102,101,100,100,100,100,99,98,98,96,94,92,92,90,90,89,88,86,86,85,85,83,83,81,81,80,80,80,80,79,79,79,77,77,76,76,76,76,76,75,75,75,74,73,73,73,73,71,70,70,70,67,67,66,66,65,65,65,65,64,63,60,60,58,58,57,57,55,55,55,55,55,55,55,55,53,53,51,50,48,48,48,48,45,45,43,43,42,42,42,42,42,42,40,40,39,38,38,38,36,35,34,34,33,31,30,30,29,24,24,24,23,23,22,22,20,19,19,19,17,17,16,16,14,14,14,14,13,12,12
140,140,140,140,140,140,140,140,140,140,140,139,139,139,139,138,138,138,138,137,136,132,131,130,130,130,130,130,130,130,128,128,127,124,124,124,124,122,121,120,120,119,119,119,119,119,119,119,119,117,117,117,117,117,117,115,115,113,113,111,109,108,108,106,106,106,106,105,103,102,102,99,99,99,99,97,96,96,96,94,93,92,92,91,90,90,90,87,87,87,87,87,86,83,82,81,81,81,81,80,80,80,80,79,76,76,75,74,73,72,72,71,71,70,70,69,68,68,67,67,66,65,64,63,63,61,60,59,59,59,57,57,57,56,56,55,55,54,54,53,53,50,49,49,49,48,47,46,46,44,43,42,42,41,41,41,41,40,39,39,39,39,38,38,38,37,37,37,37,35,35,34,34,32,29,29,29,29,29,29,29,26,23,23,23,21,21,20,20,18,17,17,17,16,14,14,14,12,11,11
140,140,140,140,140,139,139,139,139,139,139,139,139,139,139,139,139,139,138,137,137,134,134,134,134,132,131,130,130,130,130,129,128,128,128,128,128,128,128,127,127,127,127,127,127,126,126,124,124,122,122,122,121,120,120,119,117,116,116,115,115,114,114,112,111,110,110,110,109,109,109,107,107,107,107,107,107,106,106,105,104,103,103,101,99,98,98,97,97,97,97,97,97,96,95,94,94,94,94,92,92,92,92,90,89,89,88,86,86,85,84,81,81,81,81,81,81,76,76,75,75,73,73,72,72,72,72,72,71,71,70,68,68,64,64,64,63,63,62,61,61,60,59,58,58,57,56,56,56,55,55,55,55,54,54,54,54,53,53,53,53,51,47,46,46,44,43,43,43,40,37,37,37,36,34,34,34,32,30,30,30,28,26,25,25,24,24,24,24,23,23,23,23,20,18,18,18,18,16,16
140,140,140,140,140,139,138,138,138,137,137,137,137,137,137,137,137,137,136,135,134,129,127,126,126,126,125,125,125,125,125,123,123,121,121,120,120,120,118,118,118,118,118,116,115,114,114,114,113,113,113,112,112,112,112,112,112,112,112,110,109,109,109,107,107,106,106,105,104,103,103,103,103,103,103,101,101,101,101,100,100,99,98,97,97,97,97,95,94,94,94,93,93,93,93,90,89,88,87,86,86,86,86,85,84,83,83,83,82,82,82,82,82,82,81,81,80,77,77,76,74,73,72,72,71,69,69,69,68,65,64,63,63,61,60,59,59,59,58,57,57,56,55,55,54,49,49,48,47,47,46,46,46,43,40,40,40,38,38,38,38,38,38,37,37,36,34,34,34,33,33,33,33,31,31,30,30,29,29,28,28,27,26,26,26,25,25,25,25,23,23,22,22,21,19,19,19,18,17,17
140,140,140,140,140,140,139,139,139,139,139,138,138,138,138,138,138,138,138,138,138,136,136,136,136,135,135,134,134,134,132,132,132,132,131,131,131,131,130,129,129,129,129,128,128,126,126,124,124,122,122,121,121,120,120,118,118,116,116,116,114,114,114,111,109,108,108,106,106,105,105,104,104,103,103,100,99,99,99,96,95,95,95,95,95,95,95,95,95,95,95,93,93,91,91,87,87,87,87,86,86,85,85,83,82,81,81,81,80,80,80,77,76,76,76,75,75,75,75,75,74,74,73,73,73,71,71,71,70,69,68,67,67,63,63,62,62,61,60,60,58,55,53,53,53,52,52,52,51,50,49,49,49,49,49,49,49,48,48,47,47,44,44,44,44,42,42,42,42,40,39,39,39,38,35,35,35,32,30,30,30,30,30,29,29,25,25,25,25,24,22,22,22,21,19,19,19,19,18,17
140,140,140,140,140,140,139,139,139,139,139,136,136,136,136,135,135,135,135,135,133,130,130,130,130,127,127,127,127,127,125,125,125,125,125,125,125,124,123,123,123,122,122,121,121,121,121,120,120,118,117,116,116,115,115,113,113,112,112,112,111,111,111,111,111,110,110,109,109,108,108,108,108,105,105,105,105,104,104,100,100,99,99,98,98,98,98,97,97,97,96,93,93,93,93,93,93,90,90,90,89,89,89,89,89,89,89,89,89,89,88,86,86,85,85,84,84,83,83,81,81,81,81,81,81,77,75,74,73,73,72,72,71,70,70,68,68,68,68,67,65,65,65,65,65,65,64,61,61,57,56,56,56,54,53,53,53,51,50,50,50,46,45,45,45,41,40,40,39,37,35,35,35,34,32,32,32,31,30,30,30,28,23,23,23,21,21,21,21,21,19,19,19,19,18,16,16,16,16,16
140,140,140,140,140,140,140,140,140,140,138,135,135,135,135,135,135,135,134,134,132,129,129,128,128,128,128,128,128,128,128,127,127,125,125,125,125,124,124,123,123,120,120,120,120,120,120,118,117,117,117,117,117,117,117,115,115,114,114,112,112,112,112,110,110,110,110,108,108,107,104,103,103,102,102,101,101,99,99,98,98,97,97,95,95,94,93,89,89,88,86,86,85,82,82,80,80,79,79,77,76,76,75,74,74,73,73,72,72,70,70,69,69,69,69,68,68,68,67,65,64,64,64,64,64,63,63,63,63,61,60,57,56,54,54,54,54,54,54,54,53,52,52,52,52,50,49,48,48,48,48,48,48,47,46,45,45,43,40,40,40,39,39,39,39,36,35,33,33,32,30,30,30,29,28,28,28,25,25,25,25,22,20,20,20,19,17,17,17,17,16,16,16,15,14,14,14,12,11,11
140,140,140,140,140,140,138,137,137,137,136,135,134,134,134,134,134,134,134,134,132,128,128,128,128,128,128,128,128,128,127,127,127,125,124,124,124,122,122,121,121,121,121,121,121,119,117,115,114,114,114,113,112,112,112,110,110,110,110,110,110,109,109,109,109,109,109,109,109,107,107,106,106,105,105,103,103,101,100,98,98,98,98,97,96,96,95,93,92,91,91,89,89,89,86,85,85,83,83,81,81,78,78,75,74,72,71,71,71,71,71,68,68,67,67,67,66,63,63,62,62,61,60,59,58,58,58,58,57,57,57,57,56,54,53,53,53,52,52,52,52,51,51,51,50,49,47,47,47,46,44,44,44,44,44,44,44,42,41,41,40,39,38,38,38,36,35,35,35,33,32,32,32,28,27,27,27,26,24,24,24,21,21,21,21,19,18,18,18,15,15,15,15,12,10,9,9,9,7,7
140,140,140,140,140,140,138,138,138,138,138,136,136,136,136,136,136,136,136,136,135,133,133,132,132,132,132,130,130,128,128,128,128,128,128,126,126,126,126,125,125,125,125,123,123,122,122,121,121,118,118,118,118,118,118,118,118,118,118,118,117,115,115,112,112,111,111,110,109,109,109,109,109,108,108,108,108,108,108,108,107,105,105,101,101,100,100,98,98,98,97,94,94,94,94,93,93,93,93,93,92,92,92,89,89,89,89,87,86,84,84,82,82,82,82,82,82,82,82,81,81,79,77,76,75,73,72,70,70,67,67,65,65,64,62,59,59,59,59,58,57,56,55,54,53,51,50,49,48,44,44,44,44,42,42,42,42,42,42,42,42,42,42,42,42,39,35,35,35,34,33,32,32,32,32,32,32,30,29,29,29,29,27,26,26,26,25,25,25,21,19,19,19,18,15,15,15,15,14,14
140,140,140,140,140,140,139,139,139,139,138,135,134,134,134,133,133,133,133,133,132,128,128,127,127,125,125,125,125,125,125,125,125,124,124,124,124,122,122,122,122,122,122,122,122,121,121,119,118,116,116,114,114,114,114,114,113,111,111,111,111,110,110,109,109,108,108,104,104,102,102,101,100,100,100,100,99,99,99,96,96,96,95,94,94,94,94,91,91,91,91,90,89,88,86,83,83,83,83,83,82,81,80,79,78,76,76,76,76,75,75,75,75,73,73,73,73,73,73,72,72,72,72,70,70,68,66,65,64,62,61,60,60,58,58,58,58,55,54,54,53,53,53,53,53,51,51,50,50,48,47,47,47,47,46,46,46,46,45,43,43,40,40,40,40,36,33,33,33,32,32,31,31,30,30,30,30,29,28,28,28,27,25,25,25,22,21,21,21,19,17,17,17,17,15,15,15,14,12,12
140,140,140,140,140,140,139,139,139,139,139,137,137,137,137,136,136,136,135,134,133,133,132,132,132,130,129,129,129,129,128,127,127,123,122,121,121,120,120,118,118,118,118,118,118,115,113,113,113,110,110,110,110,110,110,110,110,108,108,106,106,106,106,106,106,106,106,105,105,105,105,103,102,101,101,101,100,99,99,97,97,97,97,97,97,95,95,92,91,89,89,88,88,88,88,87,87,86,86,86,86,86,86,85,84,82,80,78,77,77,77,76,75,74,73,73,73,73,72,68,68,66,66,66,66,65,65,63,62,60,59,58,54,53,53,53,52,49,48,48,48,47,47,47,45,43,43,43,42,42,42,41,41,41,41,39,38,36,35,33,33,32,31,31,31,31,30,30,29,29,29,29,29,28,28,28,28,28,27,27,27,27,24,24,24,24,20,20,20,19,17,17,17,17,16,16,16,16,15,14
140,140,140,140,140,139,136,136,136,136,136,135,134,134,134,134,134,134,134,134,134,133,133,133,132,132,131,130,130,130,130,129,129,128,126,126,126,122,120,116,116,115,115,115,114,114,114,112,112,108,108,108,107,107,107,105,104,103,102,101,101,99,99,98,98,98,98,98,97,95,95,94,93,93,93,93,92,92,92,92,92,91,91,89,88,86,86,86,86,86,86,85,84,81,81,79,79,78,78,77,76,76,75,75,75,75,74,74,74,72,72,72,72,71,71,71,71,69,68,67,66,64,64,64,62,62,61,61,60,58,58,58,58,57,55,55,55,54,54,54,54,54,54,54,54,51,49,49,49,48,47,47,45,45,45,45,45,44,44,43,43,42,42,42,42,38,38,38,38,34,34,33,33,30,29,29,29,27,25,25,25,24,23,23,23,22,21,21,21,19,17,17,17,16,15,15,15,13,12,11
140,140,140,140,140,140,140,139,139,139,139,139,139,139,139,139,139,139,139,139,139,136,136,133,132,132,132,131,131,131,130,130,130,130,130,130,130,128,127,126,126,126,126,124,124,123,122,121,121,120,120,119,119,119,119,117,116,115,115,115,115,114,114,114,114,112,112,112,112,112,112,108,108,107,107,105,104,104,104,103,102,100,100,98,98,98,97,97,96,96,96,96,95,95,95,93,92,88,87,87,87,86,85,84,83,82,82,82,82,80,80,78,77,76,76,74,74,74,74,73,73,72,72,71,71,70,68,68,68,68,68,68,68,66,66,65,65,63,63,63,63,61,61,59,59,56,55,55,54,54,53,53,53,53,52,52,51,50,49,49,49,48,48,48,48,47,47,47,47,42,39,38,38,35,34,34,34,32,32,32,32,30,30,30,30,29,27,27,27,27,24,23,23,23,21,21,21,20,19,18
140,140,140,140,140,140,138,138,138,137,137,136,136,136,136,136,136,136,136,136,136,131,130,130,130,130,130,130,130,130,129,127,127,127,127,126,126,124,124,123,123,123,123,122,122,122,122,120,119,118,118,118,117,116,116,115,115,113,113,113,113,113,113,111,111,111,111,109,109,109,108,107,107,106,106,105,105,105,105,104,101,100,100,99,98,97,97,96,96,94,94,93,92,88,87,85,85,83,83,82,82,82,82,82,82,81,79,77,76,74,73,71,71,71,69,68,67,67,66,64,64,62,60,59,58,56,56,55,55,55,55,55,54,52,52,51,51,49,49,49,49,47,47,45,45,43,41,41,41,39,39,38,38,38,35,35,35,34,34,34,34,34,33,33,33,32,32,32,32,31,29,29,29,27,26,26,26,23,21,21,21,19,19,19,19,17,15,15,15,15,15,15,15,15,15,15,15,14,12,12
140,140,140,140,140,140,140,140,140,140,139,137,137,137,137,137,137,137,137,136,136,133,133,132,132,130,128,128,128,128,128,127,126,126,126,126,126,125,125,125,125,125,125,125,125,122,121,120,120,120,120,120,120,120,120,117,117,116,116,113,113,113,113,112,112,112,112,112,112,112,112,111,110,110,110,109,108,108,108,106,106,105,105,104,104,104,104,103,103,103,102,101,100,100,100,100,100,99,99,96,96,95,93,93,92,92,88,86,86,86,85,83,83,82,82,81,81,79,77,76,75,75,75,74,73,73,70,70,70,69,68,66,66,65,65,65,65,64,61,61,60,58,58,57,57,52,50,50,50,49,49,48,47,47,47,47,47,45,44,43,43,41,39,39,39,38,37,36,36,33,32,31,31,30,28,28,28,27,27,26,26,24,23,22,22,21,21,21,21,18,17,17,17,16,14,14,14,14,13,13
140,140,140,140,140,140,140,140,140,140,139,138,138,138,138,138,138,138,138,138,138,137,137,137,136,135,135,134,134,134,134,133,133,132,130,129,129,129,129,128,128,128,128,128,128,126,126,122,122,121,121,120,120,119,118,118,118,118,118,116,116,116,116,114,114,113,113,111,111,110,110,109,108,107,106,105,105,104,104,104,104,101,101,99,99,97,97,97,97,97,96,96,96,95,95,93,91,90,90,88,88,88,87,87,86,85,85,83,83,82,82,81,81,80,79,78,77,76,76,75,75,74,73,71,71,69,69,68,68,67,67,66,66,65,63,63,63,61,61,61,60,60,60,60,60,60,60,60,60,58,58,58,58,57,57,56,56,55,54,51,51,49,48,48,48,46,43,42,42,41,38,38,38,36,36,35,35,33,31,31,31,31,28,28,28,27,26,26,26,25,23,23,23,23,21,21,21,21,21,21
140,140,140,140,140,140,140,140,140,139,139,137,137,137,136,136,136,136,135,134,133,131,131,129,129,127,127,127,127,127,127,126,126,126,124,121,121,120,119,119,119,119,119,118,118,118,117,116,116,116,116,114,114,113,113,112,112,111,111,107,106,106,106,105,105,105,105,104,103,101,101,96,95,94,94,92,92,89,88,87,87,86,86,85,82,82,82,80,80,80,80,79,78,78,78,78,78,78,77,76,76,75,75,75,73,72,72,69,68,67,67,66,66,65,65,65,65,65,64,63,62,62,62,62,62,62,62,62,62,59,58,57,57,57,55,54,54,53,53,52,52,48,48,48,47,46,46,46,46,44,43,42,42,41,41,41,41,40,39,38,38,37,37,37,37,33,32,32,32,31,29,29,29,29,28,28,28,27,27,27,27,26,25,25,25,23,23,23,23,23,23,23,23,22,20,19,19,17,15,14
140,140,140,140,140,140,139,139,139,139,137,134,134,134,132,132,132,132,132,131,131,128,126,125,125,125,125,123,123,123,123,123,123,123,123,123,123,121,121,120,120,119,119,117,117,117,116,114,114,111,111,110,110,110,110,110,109,109,109,107,107,104,104,102,102,101,101,100,100,96,96,92,91,91,90,90,90,90,90,89,89,88,87,86,86,86,86,84,84,84,84,83,83,82,82,79,79,79,79,76,75,74,74,73,73,73,73,72,71,69,69,69,69,66,66,64,64,64,63,63,63,61,61,59,59,55,55,55,55,54,52,52,51,50,50,49,49,49,49,49,49,47,47,47,47,45,44,43,41,38,38,37,37,36,36,36,36,35,35,35,35,32,32,32,32,30,28,28,28,26,26,26,26,24,24,24,24,22,22,22,22,20,20,20,20,19,17,17,17,15,15,14,14,13,13,13,13,12,9,9
140,140,140,140,140,140,140,140,140,140,139,139,139,139,139,139,139,139,137,137,137,135,135,135,135,135,135,135,135,135,135,133,133,133,133,132,132,130,129,128,128,128,128,128,128,127,127,125,125,124,124,124,124,123,123,122,122,121,121,119,119,119,119,118,118,118,118,117,117,117,117,115,115,115,115,112,111,110,110,108,107,107,107,103,103,103,103,98,98,98,98,94,93,92,92,90,90,89,89,87,87,87,86,85,84,84,84,83,82,81,81,80,80,79,79,78,77,75,75,74,74,73,73,72,71,71,68,67,66,65,64,64,64,62,59,59,59,57,56,54,54,53,49,49,49,47,46,46,46,46,46,45,44,41,41,41,41,40,39,38,38,38,37,37,37,35,34,34,34,32,31,31,31,31,30,30,30,28,25,25,25,22,22,22,22,19,18,18,18,16,13,13,13,11,10,10,10,9,8,8
140,140,140,140,140,140,139,139,139,139,138,138,138,138,138,137,137,137,137,137,137,133,132,130,129,128,128,128,128,128,128,126,126,126,126,125,125,125,125,123,123,123,123,122,122,121,121,121,121,119,119,118,118,117,117,114,114,113,113,109,109,108,107,107,106,106,106,105,104,103,103,103,102,101,101,99,98,98,98,97,97,97,97,96,96,96,96,96,96,96,96,93,92,91,91,89,89,88,88,85,84,84,84,84,84,83,83,83,83,81,81,79,79,79,78,78,78,75,74,72,72,71,71,71,71,70,70,70,70,70,70,70,69,66,66,66,65,64,63,63,62,59,59,58,58,55,54,54,53,51,51,50,50,49,48,47,47,46,46,45,45,42,42,42,42,37,37,37,37,37,37,37,37,34,34,34,34,33,32,32,32,30,28,28,28,28,28,28,28,28,27,27,27,25,24,24,24,22,22,21
140,140,140,140,140,139,138,138,138,138,137,135,135,135,135,135,135,134,133,133,133,133,132,131,131,131,131,129,129,129,129,126,125,125,124,123,123,122,121,121,121,121,121,121,121,121,121,119,119,118,118,117,117,116,116,111,111,111,110,107,106,106,105,105,105,104,104,102,102,101,100,97,97,95,95,93,93,92,92,89,89,88,88,87,87,85,85,84,84,84,84,84,83,82,81,80,80,80,79,79,78,78,78,77,76,76,76,75,75,73,73,73,73,71,71,70,70,70,70,69,68,67,65,64,64,64,63,61,61,61,61,60,60,59,58,58,58,56,55,55,54,54,54,54,54,53,53,53,53,51,50,49,49,48,47,47,47,47,46,46,46,44,42,42,42,38,36,36,36,36,34,34,34,33,31,31,31,28,28,28,28,25,24,24,24,23,22,22,22,22,18,18,18,18,18,18,18,17,17,17
140,140,140,140,140,140,139,139,139,139,136,131,131,131,131,131,131,131,131,130,130,130,129,129,129,127,125,123,123,123,122,122,122,122,122,122,122,119,116,116,116,116,116,116,116,115,114,111,111,110,110,110,110,110,110,109,108,108,108,106,106,105,105,103,102,102,102,100,100,99,99,96,96,95,95,94,93,93,93,91,91,90,90,89,88,86,86,85,84,84,84,83,83,83,83,83,83,83,83,83,82,80,80,79,79,78,78,78,78,76,74,73,73,72,72,70,70,69,68,67,67,67,67,67,67,67,67,67,67,65,64,64,63,62,61,61,61,59,58,58,58,55,55,54,54,53,53,52,51,49,49,49,49,48,45,45,45,44,44,43,43,42,40,39,39,39,39,38,38,37,37,36,36,35,33,33,33,30,30,29,29,26,26,26,26,23,22,21,21,18,17,17,17,16,15,15,15,14,12,12
140,140,140,140,140,140,138,138,138,138,137,136,136,136,136,136,136,136,136,136,136,136,136,136,135,133,133,132,132,132,131,131,131,131,131,131,131,131,131,130,130,130,130,129,129,128,128,127,127,124,123,120,120,120,120,117,117,116,116,115,115,115,115,112,112,112,112,111,111,111,110,108,108,104,103,100,100,100,100,99,98,98,98,96,96,94,93,92,92,91,90,87,87,87,87,86,86,86,86,85,85,85,85,85,85,84,84,84,83,79,78,77,76,76,76,76,76,75,74,74,73,71,71,69,69,68,68,66,66,60,58,57,57,53,53,52,52,51,51,50,50,49,49,49,49,48,48,48,48,47,47,46,46,45,45,44,44,43,43,43,43,43,42,42,42,41,40,40,40,38,35,35,35,34,32,32,31,30,29,29,29,23,22,22,22,20,19,19,19,15,14,14,14,14,12,12,12,12,10,10
140,140,140,140,140,140,138,138,138,137,136,136,136,136,136,136,136,136,136,136,135,133,133,133,133,131,131,131,131,131,130,128,128,127,127,127,127,127,127,127,127,127,127,127,127,127,127,127,127,126,126,125,125,125,124,123,123,123,123,121,120,119,119,117,117,117,117,114,114,113,113,112,111,110,110,110,110,110,110,107,106,105,105,105,105,105,105,105,104,104,104,104,104,104,104,102,101,97,97,96,96,95,95,93,92,92,92,90,90,86,86,86,86,86,86,85,84,83,83,83,82,82,82,81,81,80,80,79,79,79,79,76,76,76,76,76,76,75,74,74,73,72,72,72,72,67,66,65,63,62,61,61,60,59,58,58,58,56,56,56,56,55,54,54,54,51,49,47,47,46,45,45,45,45,44,41,41,38,36,36,36,34,31,29,29,28,26,26,26,24,24,24,23,21,20,20,20,20,20,20
140,140,140,140,140,140,139,139,139,139,139,137,137,137,137,137,137,137,137,136,136,133,133,133,132,130,130,130,130,129,128,127,127,127,127,126,126,124,124,124,124,123,123,123,123,122,122,121,121,121,121,120,120,118,118,117,116,114,114,113,113,112,112,111,110,110,110,110,110,110,110,108,108,108,108,104,103,103,103,100,100,99,99,99,99,99,99,99,98,98,98,97,97,96,95,92,91,90,89,88,88,88,88,88,87,86,86,84,84,83,83,83,83,80,80,80,79,79,77,76,75,73,70,70,69,67,67,66,66,64,64,64,63,62,61,58,58,57,57,56,56,55,55,54,54,53,53,53,53,52,51,47,47,46,45,44,43,42,42,42,42,41,41,41,41,41,39,39,38,38,34,34,34,33,32,32,32,32,32,32,32,31,29,29,29,27,26,26,26,25,24,24,24,22,19,19,19,17,16,16
140,140,140,140,140,140,139,139,139,139,139,138,138,138,138,138,138,138,138,136,135,133,132,132,132,130,130,130,130,130,130,129,129,128,128,128,128,127,127,127,127,126,126,125,125,125,124,123,123,122,122,121,121,120,120,120,120,117,117,115,115,113,112,112,112,111,111,110,110,109,107,104,104,104,104,102,102,102,102,102,101,101,101,101,101,101,101,96,96,95,95,92,92,91,91,90,89,89,89,89,89,88,88,87,87,85,85,83,82,82,81,79,79,78,76,74,74,74,73,73,73,70,70,70,70,70,70,69,69,69,69,64,64,63,63,62,62,61,60,60,60,58,58,58,58,58,56,56,56,51,51,51,51,50,50,50,50,48,47,47,47,46,44,44,43,42,42,42,42,40,39,39,39,37,35,35,35,34,32,32,32,31,26,26,26,23,21,21,21,18,17,17,17,16,13,12,12,10,9,9
140,140,140,140,140,136,134,134,134,134,134,133,133,133,133,133,133,133,133,133,133,129,129,128,127,127,126,125,125,123,123,123,123,123,123,123,123,123,121,121,121,119,119,119,119,119,119,116,116,116,116,114,114,114,114,113,113,113,113,113,113,113,113,113,113,113,113,112,112,112,112,108,108,107,107,106,106,106,105,105,105,104,104,103,103,103,103,102,102,102,101,99,99,98,98,97,97,96,96,94,94,93,93,92,92,90,90,90,90,88,88,88,88,87,87,86,85,85,84,84,84,84,84,83,83,81,81,80,79,79,79,78,78,76,76,74,74,72,72,72,72,70,70,70,70,67,65,64,63,63,63,62,62,61,59,59,59,59,58,58,58,57,56,56,56,55,55,54,54,50,47,47,47,46,46,45,45,43,41,41,41,39,39,39,39,39,39,39,39,38,35,35,35,33,30,29,29,27,27,27
140,140,140,140,140,139,138,138,138,138,137,136,135,135,135,135,135,135,135,135,135,132,132,132,132,130,129,128,128,128,127,127,127,127,127,127,127,126,126,126,126,126,126,125,125,124,124,123,123,122,122,120,119,118,118,115,114,113,113,113,111,107,107,107,106,105,105,105,105,104,104,104,103,103,103,102,102,101,101,100,100,98,98,97,97,97,96,94,94,94,93,92,91,89,89,89,89,88,88,87,86,86,85,83,83,83,83,83,83,80,80,80,80,80,80,80,79,78,76,76,76,74,73,71,71,69,68,68,68,68,66,65,65,62,62,61,61,60,59,57,55,53,53,53,53,50,49,49,48,46,46,45,45,45,44,44,43,43,41,40,40,38,37,37,37,36,36,36,36,34,31,30,30,30,29,28,28,27,27,27,27,24,23,23,23,19,19,19,19,17,17,17,17,15,13,13,13,11,9,9
140,140,140,140,140,139,138,138,138,138,138,136,136,136,135,135,135,135,135,133,133,133,133,133,133,132,131,131,131,131,130,130,130,130,129,126,126,123,123,121,121,121,121,121,121,121,121,118,118,118,118,118,118,116,116,116,116,116,115,114,114,112,112,110,110,110,110,108,108,106,106,105,105,105,105,105,105,105,105,104,104,104,104,99,99,98,98,96,96,96,96,95,95,94,94,93,92,92,92,92,92,92,92,92,92,92,92,90,90,90,89,87,86,86,86,85,83,81,81,81,81,77,76,76,76,75,75,74,72,72,71,70,68,68,68,67,67,66,66,64,64,63,62,61,59,58,58,56,56,54,54,54,54,51,51,49,49,45,44,42,42,41,39,39,39,36,34,34,34,31,31,31,31,30,28,28,28,26,26,26,26,26,26,25,25,23,23,22,22,21,21,20,20,16,15,15,15,15,14,14
140,140,140,140,140,140,134,134,134,134,134,133,133,133,133,133,133,133,133,132,131,129,129,128,128,126,126,125,125,123,122,122,122,120,120,119,119,116,115,114,114,114,114,114,114,114,114,113,113,112,112,112,112,112,112,110,109,105,104,103,102,100,100,100,100,97,97,97,96,94,94,94,94,94,93,93,93,93,92,89,88,86,86,85,84,84,84,83,83,82,82,81,80,80,80,80,80,77,77,76,76,75,75,75,75,71,71,70,70,69,69,69,67,67,67,66,66,66,66,65,64,64,64,64,64,64,64,63,62,60,59,58,58,58,57,57,57,57,57,56,56,54,54,54,54,52,52,52,52,50,49,49,49,46,46,46,45,44,44,43,43,41,39,38,38,38,37,36,36,35,34,34,34,33,31,31,31,30,28,28,28,26,24,24,24,23,22,21,21,21,18,18,18,17,13,13,13,12,11,11
140,140,140,140,140,139,139,139,139,138,138,137,137,137,137,137,137,137,137,137,136,133,133,132,132,131,130,129,129,129,128,127,127,127,127,126,126,126,126,125,125,124,124,123,123,122,122,122,122,120,120,120,119,119,119,118,118,117,117,115,115,114,114,113,111,110,110,110,107,107,107,104,104,102,102,99,98,98,98,96,95,95,95,95,95,95,95,92,92,91,91,91,89,89,89,87,87,87,86,84,83,83,83,83,82,82,82,81,80,78,78,77,77,75,75,74,74,72,71,70,70,69,69,69,69,68,68,68,68,67,64,62,62,58,58,58,57,57,57,57,56,55,55,55,54,51,51,51,51,47,46,45,45,43,42,41,41,40,40,40,40,38,37,36,36,36,34,34,34,33,31,31,31,28,28,28,28,26,24,24,24,22,20,20,20,18,16,16,16,15,15,15,15,15,14,14,14,13,10,10
140,140,140,140,140,140,139,139,139,139,138,138,138,138,138,138,138,137,137,135,135,133,132,132,132,132,132,131,131,130,130,128,128,128,128,128,128,128,128,127,127,125,125,125,125,124,124,122,122,121,121,120,120,119,119,119,119,118,118,117,117,117,117,116,115,114,114,114,114,112,112,111,111,111,111,111,109,109,109,106,105,103,103,101,101,101,101,95,95,94,94,92,92,91,89,88,88,87,87,86,86,86,86,86,86,84,84,83,82,81,81,81,81,79,79,79,79,79,78,77,77,77,77,76,76,75,75,74,73,73,72,72,72,71,71,71,70,69,69,69,68,65,65,65,65,65,64,64,63,58,58,58,58,55,55,54,54,53,51,51,51,48,47,47,47,44,44,43,43,41,40,40,40,39,37,36,36,35,34,34,34,32,31,31,31,28,25,24,24,23,20,20,20,19,16,16,16,15,14,13
140,140,140,140,140,139,138,138,138,138,138,136,136,136,136,136,136,136,136,136,136,134,134,133,133,132,132,131,131,131,131,129,128,128,128,127,127,126,126,125,125,125,125,125,125,125,125,125,125,124,124,124,124,124,124,119,119,119,119,119,118,115,115,115,115,115,115,114,113,112,112,110,110,109,109,106,105,105,105,104,104,101,100,99,99,99,99,98,98,97,96,95,95,93,93,93,93,93,93,93,92,92,92,92,92,92,90,88,88,88,87,87,87,86,86,85,85,83,82,82,80,80,79,79,78,78,78,78,77,76,75,74,73,73,72,71,71,68,67,67,66,63,63,63,63,62,61,61,61,60,60,60,59,57,55,55,55,55,52,51,50,50,47,47,47,47,47,47,47,45,41,41,41,41,39,39,39,35,34,34,34,32,29,29,29,24,23,23,23,21,21,20,20,18,18,18,18,16,16,16
140,140,140,140,140,139,139,137,137,137,137,135,135,135,135,135,135,135,134,133,133,131,131,131,131,131,131,130,130,130,130,128,128,124,121,119,119,118,118,118,118,116,116,115,115,113,113,110,110,108,108,106,106,106,106,104,103,102,100,100,100,100,100,100,100,100,100,97,97,96,96,96,96,95,95,91,90,90,90,88,88,87,87,85,85,85,85,84,82,82,82,81,80,79,78,77,76,76,75,75,75,73,73,73,71,70,69,69,69,69,69,69,69,67,67,65,65,64,63,62,62,62,62,62,62,61,61,60,60,58,57,56,55,55,55,55,55,53,53,53,52,51,50,50,49,47,46,46,46,44,44,44,44,44,44,44,44,41,41,41,41,40,40,40,40,37,36,36,36,33,33,33,33,32,32,32,32,32,30,30,30,30,28,28,28,26,24,23,23,20,19,19,19,18,16,16,16,16,15,14
140,140,140,140,140,140,139,139,139,139,139,136,134,134,134,134,134,134,133,133,133,132,132,131,131,130,130,130,130,130,129,126,126,125,125,124,124,124,124,123,123,123,123,121,121,120,119,116,116,115,115,113,113,113,113,113,113,112,112,112,112,112,112,111,111,111,111,108,108,107,107,104,103,103,103,103,102,101,101,101,101,101,101,99,99,99,99,95,95,94,94,94,94,93,93,91,91,90,90,90,90,88,88,86,85,83,83,83,83,83,82,82,82,81,80,80,80,78,78,78,77,73,73,71,71,69,69,68,68,68,68,68,68,68,66,63,63,60,60,59,58,57,57,56,56,54,54,53,52,52,52,52,52,50,50,50,50,47,46,46,46,45,43,42,42,40,39,39,39,37,36,36,36,36,36,36,36,33,30,30,30,27,25,24,24,22,21,21,21,21,19,19,19,19,18,17,17,15,15,14
140,140,140,140,140,140,139,139,139,139,138,138,138,138,138,138,138,137,136,136,133,130,130,130,130,129,129,129,129,129,129,127,127,127,127,127,127,126,126,126,126,126,126,126,126,126,125,124,124,124,123,123,123,123,123,123,123,123,123,122,121,120,120,119,118,118,118,117,117,116,115,113,113,111,111,109,107,107,107,107,107,106,106,104,102,101,101,99,99,98,98,98,98,98,98,97,97,97,97,97,97,95,95,94,93,91,91,89,89,89,89,88,87,85,85,84,84,82,82,81,81,79,78,77,77,77,76,76,74,69,68,66,66,64,63,63,63,63,62,62,61,58,56,56,56,55,54,53,53,51,51,50,50,48,46,46,46,45,44,44,43,43,42,42,42,41,40,39,38,36,34,34,34,30,28,28,28,27,26,26,26,25,25,24,24,24,24,24,24,23,22,22,22,22,19,17,17,15,15,15
140,140,140,140,140,139,138,138,138,138,138,136,136,136,136,136,136,135,135,135,134,133,133,133,133,133,133,131,131,131,131,129,128,127,126,126,126,125,125,125,125,125,125,125,125,125,125,124,124,123,122,122,122,120,120,119,118,117,117,116,116,115,115,114,114,113,113,113,112,112,112,109,109,109,109,105,104,104,104,103,103,102,102,101,100,100,100,99,99,99,99,97,95,94,93,90,90,90,90,90,89,88,88,86,86,86,85,83,82,82,81,80,79,79,79,79,79,77,75,73,73,72,72,72,72,69,69,69,69,67,67,65,65,64,64,64,63,62,62,62,62,62,62,61,61,57,57,57,57,53,53,52,52,50,48,48,47,45,43,43,42,41,40,39,39,39,38,38,38,35,34,34,34,30,29,28,28,25,24,23,23,20,19,19,19,19,17,17,17,17,17,16,16,16,15,15,15,14,13,13
140,140,140,140,140,140,138,138,138,138,138,136,136,136,136,136,136,136,136,136,136,134,133,132,132,131,131,130,130,130,130,129,129,129,129,129,129,128,128,125,125,125,125,125,125,125,125,125,125,124,124,124,124,123,123,122,122,121,121,119,119,118,118,117,117,117,117,115,115,114,114,114,114,114,114,113,113,113,112,111,111,109,108,107,107,107,107,104,104,104,103,101,100,99,98,97,96,96,95,93,93,93,92,89,88,88,87,86,86,86,86,86,85,85,85,84,83,82,82,81,81,80,80,78,77,73,71,71,71,69,69,68,67,66,66,66,66,66,65,65,64,63,63,63,63,60,59,59,59,58,58,56,56,54,53,53,53,51,50,48,48,47,46,46,46,46,44,41,41,39,38,38,38,37,32,32,32,30,30,29,29,29,29,29,29,28,27,27,27,26,26,25,25,22,21,21,21,21,21,20
140,140,140,140,140,140,139,139,139,138,137,135,135,135,135,135,135,135,135,135,135,132,131,129,129,129,129,128,128,128,127,127,127,127,127,127,127,126,126,125,125,125,125,125,125,121,121,118,118,117,117,117,117,117,117,116,116,115,115,115,115,115,115,113,113,113,113,111,110,109,108,108,108,108,108,108,108,105,105,103,103,102,102,101,101,101,100,99,99,98,98,98,96,94,94,92,91,90,90,89,88,88,88,87,87,86,85,82,81,81,80,80,80,80,80,80,79,79,79,79,79,78,77,76,75,75,74,74,72,72,72,71,71,70,69,68,68,67,67,66,66,66,64,62,61,59,59,56,56,54,54,53,53,52,51,51,51,48,47,47,47,47,46,46,46,45,45,45,45,44,43,43,43,42,41,41,41,40,39,39,39,38,38,37,37,35,34,32,32,30,27,27,27,26,25,25,25,22,18,17
140,140,140,140,140,140,139,139,139,139,139,139,138,138,138,138,138,137,136,135,133,131,131,130,130,129,129,128,128,128,128,128,128,125,125,125,125,123,123,123,123,122,122,120,120,118,118,116,116,115,115,115,115,114,114,111,110,110,109,106,105,104,104,103,103,101,101,101,101,101,101,98,98,98,98,97,97,95,95,94,94,92,92,90,90,89,87,86,86,85,85,84,84,83,83,82,81,80,80,79,79,79,79,79,78,77,77,76,76,75,75,74,74,74,73,73,73,73,73,72,72,71,69,69,69,69,67,66,66,65,64,63,63,63,62,62,61,61,61,61,61,60,60,59,59,57,56,55,55,53,52,52,52,51,50,50,50,47,45,45,44,43,41,40,40,36,31,31,31,28,28,28,28,24,24,24,24,22,21,20,20,18,18,18,18,16,14,14,14,13,11,11,11,10,9,8,8,7,7,7
140,140,140,140,140,140,140,140,140,140,139,139,139,139,139,139,139,139,138,138,137,133,133,131,131,129,129,127,127,126,125,124,124,121,121,121,121,120,120,120,120,118,118,116,116,115,115,111,111,111,111,109,109,108,108,106,106,105,105,105,105,105,105,104,104,102,102,99,97,96,95,93,92,92,92,91,90,90,89,88,86,86,86,84,84,83,83,83,83,82,82,80,80,79,79,77,77,76,75,73,73,72,72,72,72,71,71,70,69,68,68,67,67,67,67,65,65,65,64,64,63,63,63,63,62,62,62,62,61,60,60,60,60,58,58,58,58,56,55,55,54,54,54,53,53,52,50,50,50,48,47,47,45,42,41,40,40,37,37,37,37,33,32,32,32,30,29,27,27,25,24,23,23,20,20,20,20,18,16,16,16,14,13,13,13,13,13,13,13,13,12,12,12,12,12,12,12,12,12,11
140,140,140,140,140,139,139,139,139,139,139,138,138,138,138,138,138,138,138,136,135,130,130,130,130,130,130,130,130,130,130,129,129,127,126,126,126,125,125,124,124,122,122,121,121,121,119,119,119,119,119,117,117,116,116,111,111,110,110,110,110,110,110,110,110,110,110,110,109,106,105,103,103,102,102,102,102,101,101,100,100,99,98,97,97,96,96,95,94,94,94,92,91,91,90,89,89,89,89,86,86,85,85,85,84,84,84,84,83,81,81,81,81,80,80,79,79,79,79,78,78,78,78,76,76,75,75,74,74,72,72,72,72,69,69,69,69,67,67,67,64,62,62,60,60,57,56,55,55,55,55,54,54,53,53,52,52,50,49,48,48,48,48,48,47,45,43,42,42,41,41,41,41,40,37,37,37,35,32,32,32,29,29,28,28,27,26,26,26,25,22,22,22,20,18,18,18,17,16,16
140,140,140,140,140,139,137,137,137,136,135,133,131,131,130,130,130,130,130,130,130,128,128,127,127,127,127,127,127,126,126,124,124,120,120,120,120,119,119,118,118,118,118,118,118,116,116,115,115,114,114,110,110,110,110,108,108,108,107,107,107,107,106,106,106,106,106,104,104,103,103,102,102,101,101,101,101,101,101,99,99,98,98,95,95,95,95,93,93,93,92,92,92,91,90,89,89,87,87,84,84,84,84,84,84,82,82,81,81,77,76,75,74,74,74,72,72,71,68,67,65,65,64,63,63,61,60,60,60,60,60,58,56,55,55,55,55,53,53,53,53,51,51,51,51,50,49,49,49,48,48,48,46,44,43,43,43,41,39,39,39,37,37,37,37,36,34,34,34,34,31,30,30,29,29,28,28,27,26,24,24,24,23,23,23,22,19,19,19,17,13,13,13,13,12,11,11,11,10,10
140,140,140,140,140,140,139,139,139,139,138,137,137,137,137,137,137,137,136,134,133,132,131,131,130,129,129,128,128,128,128,128,128,128,127,127,127,124,124,121,121,121,121,121,121,121,121,119,119,119,119,119,119,119,119,119,119,117,117,116,116,116,116,116,116,114,114,114,114,114,114,113,113,112,112,110,110,110,110,106,105,105,105,104,104,103,103,103,103,100,100,98,98,97,96,93,93,92,92,91,91,91,91,90,90,89,88,87,87,87,87,86,85,85,84,82,81,80,79,78,78,77,77,76,75,75,75,75,75,73,71,71,70,69,67,67,67,64,63,63,63,60,57,57,57,54,54,53,53,52,51,50,50,50,50,50,50,49,48,48,48,47,45,44,43,41,39,39,39,38,37,36,36,34,34,34,34,34,34,34,34,32,32,31,31,29,28,28,28,25,22,22,22,18,18,18,18,17,17,17
140,140,140,140,140,140,138,138,138,138,138,138,138,138,138,138,138,138,138,138,138,137,136,136,136,135,135,135,135,135,135,135,135,135,135,135,135,134,134,133,133,133,133,131,131,131,131,130,130,129,128,127,127,127,127,124,124,124,124,123,123,121,121,120,120,119,119,118,118,116,116,116,116,116,116,114,114,113,113,110,109,108,108,105,105,104,104,104,104,104,104,104,104,104,104,103,103,102,102,101,101,101,100,99,98,98,98,95,94,92,92,91,90,90,90,90,90,87,86,86,85,84,83,82,80,79,78,78,78,76,76,73,73,70,67,65,65,65,62,61,61,59,58,58,57,56,56,55,55,54,53,52,52,51,49,48,48,48,46,45,45,44,44,43,43,42,38,37,37,35,35,35,35,31,31,30,30,29,29,29,29,29,27,27,27,26,25,24,24,23,21,21,21,21,21,20,20,18,17,17
140,140,140,140,140,140,139,139,139,139,139,138,138,138,137,136,136,136,136,136,136,134,133,131,131,130,130,128,128,128,128,128,128,128,127,125,125,123,123,120,120,119,119,118,118,115,115,113,113,111,111,109,109,109,109,108,108,106,106,106,105,105,104,102,102,102,102,100,100,99,99,96,96,96,96,96,96,96,96,95,95,94,94,94,94,94,94,91,91,89,89,89,89,89,89,84,84,83,83,83,83,81,80,80,80,79,79,78,78,74,74,73,73,73,73,71,71,68,66,66,65,63,63,63,63,62,62,62,62,60,59,57,57,56,55,54,53,51,51,50,50,49,49,49,49,48,48,48,48,46,46,46,46,44,42,42,42,41,40,40,40,38,38,37,37,37,35,35,35,33,31,31,31,29,27,27,27,24,22,22,22,22,22,22,22,20,20,19,19,18,16,16,16,16,13,13,13,12,10,10
140,140,140,140,140,140,136,136,136,136,136,131,131,131,129,128,128,128,128,127,126,125,123,123,123,122,122,122,122,122,121,121,121,121,121,121,121,120,120,118,118,118,118,118,118,118,118,116,116,116,116,116,116,116,116,115,115,115,115,115,115,114,114,112,112,109,109,105,105,105,105,104,104,103,103,102,102,102,102,100,100,98,98,97,97,97,97,96,96,95,95,95,95,94,94,92,92,91,90,90,88,86,86,86,86,85,83,83,83,81,81,81,81,80,80,80,80,77,77,76,76,76,75,72,72,72,72,70,70,69,67,67,67,65,64,63,63,59,59,58,57,56,56,55,55,52,51,51,51,51,48,48,48,46,45,44,44,43,43,42,41,41,41,41,41,38,37,37,37,35,33,33,32,32,32,30,30,30,28,28,28,28,24,24,24,22,21,21,21,19,19,19,19,17,15,15,15,14,13,13
140,140,140,140,140,139,137,137,137,137,137,136,136,136,136,136,136,136,136,136,136,134,133,132,132,132,132,132,132,129,127,127,127,127,127,127,127,124,123,121,121,121,121,120,120,119,119,119,119,119,117,116,116,116,115,113,113,113,113,112,111,111,111,111,111,110,110,110,109,108,108,107,106,106,106,104,104,103,103,102,101,101,100,100,99,99,98,98,98,98,98,98,98,98,97,97,96,95,94,94,93,92,92,92,92,91,90,88,88,86,86,86,83,82,82,82,82,79,77,76,74,72,72,72,71,70,68,68,68,68,67,67,67,65,64,64,64,63,63,63,62,62,62,62,62,59,58,58,58,55,54,54,54,53,53,53,53,52,51,50,50,46,45,45,45,45,44,44,44,42,39,39,39,38,35,33,33,31,27,27,27,26,24,24,24,23,22,21,21,21,19,19,19,19,18,17,17,15,14,14
140,140,140,140,140,139,139,139,139,139,138,134,134,134,134,134,134,133,133,133,133,133,133,133,133,133,132,132,132,132,132,131,130,129,128,127,127,125,125,125,125,125,125,125,125,122,122,119,119,119,119,118,118,118,118,117,115,113,112,109,109,109,109,109,109,108,108,106,106,102,102,99,99,98,98,98,98,97,97,95,94,93,93,93,93,91,91,91,91,90,90,88,88,86,85,85,85,85,85,84,84,84,84,83,82,79,78,76,75,75,74,73,73,72,72,70,70,69,68,68,68,68,68,66,66,66,66,66,66,66,65,63,63,62,62,62,62,62,62,62,62,59,59,59,59,58,56,55,55,50,50,50,50,47,47,45,45,44,42,42,42,40,40,38,38,33,33,33,33,31,31,31,31,30,29,29,29,28,27,27,27,26,23,23,23,22,21,20,20,20,18,18,18,18,15,14,14,12,11,11
